<?xml version="1.0" encoding="UTF-8"?>
<project-private xmlns="http://www.netbeans.org/ns/project-private/1">
    <editor-bookmarks xmlns="http://www.netbeans.org/ns/editor-bookmarks/2" lastBookmarkId="0"/>
    <open-files xmlns="http://www.netbeans.org/ns/projectui-open-files/2">
        <group>
            <file>file:/C:/Users/juamp/Desktop/Office%20Suite/Office%20Suite/src/office/suite/OfficeSuite.java</file>
            <file>file:/C:/Users/juamp/Desktop/Office%20Suite/Office%20Suite/src/office/suite/ActionListenerCalculadora.java</file>
            <file>file:/C:/Users/juamp/Desktop/Office%20Suite/Office%20Suite/src/office/suite/UserInterface.java</file>
        </group>
    </open-files>
</project-private>
